muestra,modelo,mae,rmse,mae_vs_naive_pct,n,ahorro_medio,ic_bajo,ic_alto,significativo
completa,naive,1.1761,2.2474,0.0000,77,,,,
completa,media3,1.4755,2.6904,25.4561,77,-0.2994,-0.6029,-0.0846,False
completa,ar2,1.2796,2.5324,8.8043,77,-0.1035,-0.2457,0.0318,False
completa,arx_dolar,1.2798,2.4636,8.8207,77,-0.1037,-0.2176,0.0134,False
completa,arx_completo,1.3919,2.5274,18.3507,77,-0.2158,-0.3785,-0.0792,False
desde_2024,naive,1.0235,1.9151,0.0000,32,,,,
desde_2024,media3,1.6068,2.8178,56.9947,32,-0.5833,-1.2535,-0.1291,False
desde_2024,ar2,1.1548,2.3053,12.8285,32,-0.1313,-0.2095,0.1664,False
desde_2024,arx_dolar,1.0833,1.9005,5.8467,32,-0.0598,-0.2077,0.1523,False
desde_2024,arx_completo,1.1550,1.9504,12.8508,32,-0.1315,-0.4361,0.0882,False
