origen,mes_objetivo,real,naive,media3,ar2,arx_dolar,arx_completo
2020-03-01,2020-04-01,1.4966,3.3435,2.5367,3.2481,2.9103,2.1965
2020-04-01,2020-05-01,1.5427,1.4966,2.2846,2.1355,2.6504,2.3930
2020-05-01,2020-06-01,2.2435,1.5427,2.1276,2.1163,2.2085,3.8426
2020-06-01,2020-07-01,1.9342,2.2435,1.7609,2.5271,2.4066,5.0851
2020-07-01,2020-08-01,2.7001,1.9342,1.9068,2.3229,2.3871,3.1502
2020-08-01,2020-09-01,2.8355,2.7001,2.2926,2.7706,2.5821,3.0691
2020-09-01,2020-10-01,3.7610,2.8355,2.4899,2.8530,2.7494,3.0584
2020-10-01,2020-11-01,3.1597,3.7610,3.0989,3.4017,3.1225,3.3710
2020-11-01,2020-12-01,4.0056,3.1597,3.2521,3.0560,3.0582,3.1636
2020-12-01,2021-01-01,4.0490,4.0056,3.6421,3.5516,3.2879,3.0004
2021-01-01,2021-02-01,3.5746,4.0490,3.7381,3.6123,3.5026,3.5452
2021-02-01,2021-03-01,4.8108,3.5746,3.8764,3.3408,3.3160,3.3988
2021-03-01,2021-04-01,4.0803,4.8108,4.1448,4.0837,3.6525,3.4969
2021-04-01,2021-05-01,3.3230,4.0803,4.1552,3.7202,3.5829,3.2861
2021-05-01,2021-06-01,3.1745,3.3230,4.0714,3.2385,3.1559,2.6913
2021-06-01,2021-07-01,2.9970,3.1745,3.5259,3.1281,2.9637,2.2181
2021-07-01,2021-08-01,2.4685,2.9970,3.1649,3.0198,2.8610,2.6349
2021-08-01,2021-09-01,3.5468,2.4685,2.8800,2.7022,2.6407,2.6212
2021-09-01,2021-10-01,3.5163,3.5468,3.0041,3.3104,2.9461,2.5772
2021-10-01,2021-11-01,2.5295,3.5163,3.1772,3.3332,3.1243,3.0613
2021-11-01,2021-12-01,3.8400,2.5295,3.1975,2.7594,2.7672,2.5943
2021-12-01,2022-01-01,3.8757,3.8400,3.2952,3.4664,3.1002,3.0285
2022-01-01,2022-02-01,4.6944,3.8757,3.4150,3.5514,3.3932,3.2508
2022-02-01,2022-03-01,6.7288,4.6944,4.1367,4.0463,3.7708,4.0469
2022-03-01,2022-04-01,6.0473,6.7288,5.0996,5.4830,5.0366,5.0736
2022-04-01,2022-05-01,5.0502,6.0473,5.8235,5.2063,5.1685,5.3417
2022-05-01,2022-06-01,5.2952,5.0502,5.9421,4.5163,4.5825,4.3330
2022-06-01,2022-07-01,7.4062,5.2952,5.4643,4.6991,4.6435,4.4340
2022-07-01,2022-08-01,6.9703,7.4062,5.9172,6.3202,6.0536,5.8768
2022-08-01,2022-09-01,6.1655,6.9703,6.5573,6.2630,6.3024,6.3725
2022-09-01,2022-10-01,6.3474,6.1655,6.8474,5.6495,5.7561,5.7158
2022-10-01,2022-11-01,4.9161,6.3474,6.4944,5.7860,5.8251,5.4948
2022-11-01,2022-12-01,5.1246,4.9161,5.8097,4.7355,4.9601,4.7920
2022-12-01,2023-01-01,6.0279,5.1246,5.4627,4.7851,4.8598,4.7598
2023-01-01,2023-02-01,6.6277,6.0279,5.3562,5.4787,5.4244,5.1269
2023-02-01,2023-03-01,7.6752,6.6277,5.9267,6.0531,5.9935,6.0012
2023-03-01,2023-04-01,8.4027,7.6752,6.7769,7.0035,6.8930,6.9997
2023-04-01,2023-05-01,7.7728,8.4027,7.5686,7.8065,7.7396,7.6275
2023-05-01,2023-06-01,5.9508,7.7728,7.9502,7.3803,7.4681,7.2566
2023-06-01,2023-07-01,6.3449,5.9508,7.3754,5.7590,5.9851,5.6950
2023-07-01,2023-08-01,12.4416,6.3449,6.6895,5.9766,6.0248,5.5978
2023-08-01,2023-09-01,12.7498,12.4416,8.2458,11.3182,11.4904,11.4851
2023-09-01,2023-10-01,8.3017,12.7498,10.5121,12.3446,12.2039,12.2842
2023-10-01,2023-11-01,12.8107,8.3017,11.1644,7.4312,7.3754,7.3936
2023-11-01,2023-12-01,25.4657,12.8107,11.2874,11.5081,10.6265,10.6420
2023-12-01,2024-01-01,20.6142,25.4657,15.5260,29.0822,26.4417,24.8204
2024-01-01,2024-02-01,13.2407,20.6142,19.6302,21.6723,19.8177,18.2846
2024-02-01,2024-03-01,11.0097,13.2407,19.7735,10.7259,11.1909,11.4960
2024-03-01,2024-04-01,8.8319,11.0097,14.9549,9.6959,10.6961,14.6600
2024-04-01,2024-05-01,4.1760,8.8319,11.0274,7.8497,8.3808,9.3853
2024-05-01,2024-06-01,4.5773,4.1760,8.0059,3.4805,2.7408,3.2564
2024-06-01,2024-07-01,4.0309,4.5773,5.8618,4.7151,5.0596,5.8000
2024-07-01,2024-08-01,4.1723,4.0309,4.2614,4.1085,4.1743,4.3597
2024-08-01,2024-09-01,3.4692,4.1723,4.2602,4.3372,4.5527,4.7649
2024-09-01,2024-10-01,2.6917,3.4692,3.8908,3.6191,3.5711,3.7091
2024-10-01,2024-11-01,2.4266,2.6917,3.4444,2.9650,2.7976,2.9327
2024-11-01,2024-12-01,2.7041,2.4266,2.8625,2.8274,2.7176,2.7957
2024-12-01,2025-01-01,2.2110,2.7041,2.6075,3.1411,3.1711,3.2110
2025-01-01,2025-02-01,2.4016,2.2110,2.4472,2.5997,2.4165,2.4202
2025-02-01,2025-03-01,3.7293,2.4016,2.4389,2.8646,2.8941,2.7947
2025-03-01,2025-04-01,2.7808,3.7293,2.7807,4.1440,4.6215,4.4741
2025-04-01,2025-05-01,1.5011,2.7808,2.9706,2.9834,2.5319,2.4045
2025-05-01,2025-06-01,1.6189,1.5011,2.6704,1.8659,1.4207,1.3182
2025-06-01,2025-07-01,1.9017,1.6189,1.9670,2.1870,1.9874,1.8911
2025-07-01,2025-08-01,1.8758,1.9017,1.6739,2.4399,1.8465,1.7874
2025-08-01,2025-09-01,2.0760,1.8758,1.7988,2.3594,2.0021,1.8922
2025-09-01,2025-10-01,2.3419,2.0760,1.9511,2.5555,2.1218,2.1006
2025-10-01,2025-11-01,2.4729,2.3419,2.0979,2.7807,2.6891,2.6521
2025-11-01,2025-12-01,2.8453,2.4729,2.2969,2.8619,3.1238,2.9677
2025-12-01,2026-01-01,2.8816,2.8453,2.5534,3.2056,3.3778,3.2836
2026-01-01,2026-02-01,2.8963,2.8816,2.7333,3.1773,3.3979,3.3455
2026-02-01,2026-03-01,3.3826,2.8963,2.8744,3.1827,3.7075,3.5939
2026-03-01,2026-04-01,2.5822,3.3826,3.0535,3.6594,4.1023,3.9926
2026-04-01,2026-05-01,2.1500,2.5822,2.9537,2.7857,2.8801,2.8033
2026-05-01,2026-06-01,1.8869,2.1500,2.7049,2.4822,2.4170,2.2872
2026-06-01,2026-07-01,2.1138,1.8869,2.2063,2.2857,1.9861,2.0894
2026-07-01,2026-08-01,1.6592,2.1138,2.0502,2.5487,2.4424,2.4313
